Name,Area,Peri,APRatio,Circularity,PARatio,Centroid_1,Centroid_2,t_min,Eccentricity,Solidity,Orientation,MajorAxisLength,MinorAxisLength,repRatio,relative_repRatio,nor_area
8-0min.tif,39854,713.504,55.8567296048796,0.97515333831683,0.0179029457519948,637.562628594369,585.760877201787,0,0.495812191998672,0.99161503819263,11.8644720036493,241.936080916649,210.104495779783,2.50915842826316e-05,39854,1
8-20min.tif,38307,697.734,54.9020113682292,0.979954999737644,0.0182142689325711,635.196334873522,586.558618529251,20,0.434966737205462,0.992640771164261,16.6355368117724,232.860576876189,209.678496370676,2.61048894457932e-05,38307,0.961183319114769
8-40min.tif,39658,709.38,55.9051566156362,0.981622744317166,0.0178874375914065,636.133390488678,586.308613646679,40,0.467008833399255,0.993561317800326,19.1159444971139,239.166383131119,211.483508141556,2.52155933229109e-05,39658,0.995082049480604
8-60min.tif,39227,707.293,55.4607496468932,0.976667552101265,0.0180307696229638,635.638845693018,586.102072552069,60,0.46983616649706,0.993088607594937,22.826410983829,238.034949372116,210.126216349541,2.54926453718102e-05,39227,0.98426757665479
8-80min.tif,39739,708.162,56.1156910424451,0.986999184378663,0.0178203276378369,635.089131583583,585.647550265482,80,0.447576593043843,0.994643706354967,27.5438727084157,238.027343403972,212.85490455062,2.51641963813886e-05,39739,0.997114467807497
8-100min.tif,40679,719.268,56.5561098227643,0.979519584866864,0.0176815555937953,635.105189409769,584.41171120234,100,0.490214902272248,0.994669535662763,29.5829300274112,244.023208937963,212.691019412927,2.4582708522825e-05,40679,1.02070055703317
8-120min.tif,40956,718.632,56.9916174064055,0.987928288259466,0.0175464400820393,635.243041312628,585.430877038773,120,0.47440705655916,0.994608771674195,23.9035003886953,243.453910918455,214.31384047289,2.44164469186444e-05,40956,1.02765092587946
8-140min.tif,41585,724.553,57.3940070636655,0.986843475832611,0.0174234219069376,635.710953468799,584.491018396056,140,0.489147173851259,0.994618512317627,24.8196282929412,246.437587685587,214.943175107774,2.40471323794638e-05,41585,1.04343353239324
8-160min.tif,42276,730.226,57.8944052937036,0.987780216826356,0.0172728261898004,633.105710095562,584.026539880783,160,0.450134356608991,0.994308292958276,20.540164749956,245.60360807203,219.314404064686,2.36540826946731e-05,42276,1.06077181713253
8-180min.tif,42159,729.142,57.8200131113007,0.987964996561345,0.0172950496928295,633.132118883275,584.304490144453,180,0.466959682077114,0.994973095440385,19.6049228005525,246.548121627946,218.017229623641,2.3719727697526e-05,42159,1.05783610177147
8-200min.tif,42449,732.839,57.9240460728755,0.984792206332617,0.017263987373083,632.887912553888,583.742208297015,200,0.468433413049802,0.99426148873378,19.6599393291946,247.565619406769,218.723928779162,2.35576809818841e-05,42449,1.06511266121343
8-220min.tif,43235,740.473,58.3883544707234,0.982538370938991,0.0171267029027408,633.234185266566,583.006083034578,220,0.492827472310058,0.994525337565845,21.4567839018424,251.92620405478,219.207804664269,2.31294090435989e-05,43235,1.08483464645958
8-240min.tif,43142,739.216,58.3618319949785,0.98374792431177,0.0171344861156182,633.787283853322,583.434333132446,240,0.498627429919408,0.99478878435713,21.0701783894417,252.026675500016,218.460857715785,2.31792684622873e-05,43142,1.08250112912129
8-260min.tif,42602,736.066,57.8779620305788,0.979731370172636,0.0172777334397446,636.860522980142,582.23228956387,260,0.553068753733054,0.99476953252697,28.7120885656906,255.476549743397,212.846612490156,2.34730763813905e-05,42602,1.06895167360867
8-280min.tif,42812,736.95,58.0934934527444,0.982210198884213,0.017213631692049,635.941161356629,583.323180416706,280,0.538371317700406,0.994956889539613,28.7675562925358,254.626835769662,214.576003686442,2.33579370270018e-05,42812,1.07422090630802
8-300min.tif,43840,748.72,58.5532642376322,0.974551083898151,0.0170784671532847,635.087796532847,582.695711678832,300,0.554409707263937,0.99480360344006,31.705745366904,259.540230992877,216.000768965832,2.28102189781022e-05,43840,1.10001505495057
8-320min.tif,42546,739.457,57.5368141758074,0.969528000184815,0.0173801767498707,635.288511258403,583.584285244206,320,0.553031419049899,0.994390688542981,31.0811366680164,255.763014383536,213.091614972298,2.3503972171297e-05,42546,1.06754654488884
8-340min.tif,42284,735.942,57.4556147087678,0.972744548786251,0.0174047393813263,635.837574496263,583.716819600795,340,0.551405329059335,0.994613412367982,33.2655796080866,254.624825999303,212.417571668362,2.36496074165169e-05,42284,1.06097254980679
8-360min.tif,42109,734.47,57.3324982640544,0.972588935616599,0.017442114512337,636.388847989741,583.428863188392,360,0.554047315177076,0.994520677357644,35.4765702260819,254.382716865437,211.769841475815,2.37478923745518e-05,42109,1.05658152255733
8-380min.tif,42783,740.234,57.7965886462929,0.972891710759751,0.0173020592291331,635.96325643363,582.479816749644,380,0.5560286548312,0.994768415178571,35.9321393889974,256.688879694848,213.350330573308,2.33737699553561e-05,42783,1.07349325036383
8-400min.tif,42554,738.936,57.5882079097513,0.971072414320891,0.0173646660713446,637.109695915778,582.646120223716,400,0.569334775738586,0.994786918203708,35.5933564529259,257.386225208576,211.598703377694,2.34995535084833e-05,42554,1.06774727756311
8-420min.tif,42874,741.136,57.8490317566546,0.972599359310834,0.0172863740262164,638.951065914074,582.483416522834,420,0.587957411773875,0.994710222263468,35.2227756063056,260.197543491602,210.47168147897,2.33241591640621e-05,42874,1.07577658453355
8-440min.tif,42551,739.582,57.5338502018708,0.969315585962544,0.0173810721252144,640.504994007191,583.415900918897,440,0.613013399746173,0.994995907868584,34.3622949145224,262.283898916555,207.223298461454,2.35012103123311e-05,42551,1.06767200281026
8-460min.tif,42949,742.824,57.8185411349122,0.969896356502394,0.0172954899997672,640.180469859601,583.167244871825,460,0.61582974162745,0.994949845947136,33.91340672205,263.824750713103,207.862049527096,2.32834291834501e-05,42949,1.07765845335474
8-480min.tif,42619,743.088,57.3539069396895,0.961763263512097,0.0174356038386635,642.74168797954,583.526032989981,480,0.640649172676479,0.994377041530565,33.9005136450674,266.208017289916,204.403494979658,2.34637133672775e-05,42619,1.06937823054148
8-500min.tif,43729,751.648,58.1774979777768,0.964556347533762,0.0171887763269226,641.891399300236,580.983900843834,500,0.619913384265701,0.994225041493304,37.391778868926,266.670248830798,209.248209929458,2.2868119554529e-05,43729,1.0972298890952
8-520min.tif,43871,752.368,58.3105607894009,0.965844991472388,0.0171495520959176,641.191721182558,580.744455334959,520,0.613245780789138,0.994085924046044,36.2904057979505,266.217255239307,210.28292073372,2.27941008866905e-05,43871,1.10079289406333
8-540min.tif,45489,763.093,59.6113448819476,0.973627302642761,0.0167753302996329,640.299984611664,578.878124381719,540,0.607165704850925,0.995208716198477,37.8870415682782,270.274413842493,214.753356365781,2.19833366308338e-05,45489,1.14139107743263
8-560min.tif,46029,769.362,59.8274934296209,0.969260218006592,0.0167147233265984,639.476895000978,578.034760694345,560,0.5929675106711,0.993653260799171,38.1585142905173,270.139111505399,217.523140236198,2.17254339655435e-05,46029,1.15494053294525
8-580min.tif,47411,779.8,60.7989228007181,0.97191939729552,0.0164476598257788,639.682204551686,575.135053046761,580,0.589390227553301,0.994337367085422,40.9656334955544,273.628240277939,221.050156812579,2.10921516103858e-05,47411,1.18961710242385
8-600min.tif,47836,781.7,61.1948317768965,0.97588962394446,0.0163412492683335,639.665314825654,575.557906179446,600,0.578877157458877,0.994180729902735,37.3737441887751,273.484426274334,223.003238777887,2.09047579229033e-05,47836,1.20028102574397
8-620min.tif,46511,771.007,60.3250035343389,0.975252076925055,0.0165768742878029,642.532777192492,578.327513921438,620,0.588925251708702,0.994717481500492,37.9401621088913,270.887018569302,218.927504455666,2.15002902539184e-05,46511,1.16703467656948
8-640min.tif,45596,765.211,59.5861794982038,0.970544576167514,0.0167824151241337,641.810970260549,578.945521536977,640,0.612186080814941,0.99424334932403,36.5739882137598,271.160934023098,214.410673510976,2.19317483989824e-05,45596,1.14407587695087
8-660min.tif,46144,768.725,60.0266675339035,0.97328630758244,0.0166592623092926,641.758170076283,578.213180478502,660,0.613863019977579,0.994740018970423,36.1504425162272,273.007444650772,215.515506268151,2.16712898751734e-05,46144,1.15782606513775
8-680min.tif,46591,774.291,60.1724674573255,0.968693550849348,0.016618896353373,642.054774527269,578.215020068254,680,0.622550327775159,0.994556632369893,35.2072802747177,275.592523698772,215.673132572733,2.14633727543946e-05,46591,1.16904200331209
8-700min.tif,47713,783.281,60.9142823584384,0.969470559091411,0.0164165112233563,641.863789742837,575.952780164735,700,0.610361800828454,0.994497363319924,35.6837310382877,277.096500056564,219.494445317067,2.09586485863392e-05,47713,1.1971947608772
8-720min.tif,47517,781.544,60.7988801654161,0.969767264691053,0.0164476713597239,642.205568533367,576.34852789528,720,0.620505733476442,0.995099579066407,35.1560005659869,277.949228549459,217.968315747624,2.10450996485468e-05,47517,1.19227681035781
8-740min.tif,47784,784.662,60.8975584391751,0.967512203814097,0.0164210195881467,643.121274903733,574.799012221664,740,0.632226806257541,0.994257178526841,37.1558880823881,280.360540279164,217.218683311639,2.09275071153524e-05,47784,1.19897626336127
8-760min.tif,47680,784.364,60.7881034825668,0.966137228659477,0.0164505872483221,645.271350671141,575.719924496644,760,0.651638654445629,0.994680296234484,35.926478698994,283.047686687224,214.70003176371,2.09731543624161e-05,47680,1.19636673859587
8-780min.tif,48291,789.954,61.1314076515848,0.96477266464267,0.0163582033919364,644.953697376323,575.394939015552,780,0.654923935899962,0.994911203593061,36.159079946543,285.382657162365,215.662191432285,2.07077923422584e-05,48291,1.21169769659256
8-800min.tif,48018,787.82,60.9504709197533,0.964502016662023,0.0164067641301179,645.505560414844,576.391853055104,800,0.655539277953185,0.994964878473301,35.2748447847315,284.660815976177,214.964768908451,2.08255237619226e-05,48018,1.2048476940834
8-820min.tif,48005,788.929,60.8483146138626,0.961542664713772,0.0164343089261535,645.411373815228,576.048307467972,820,0.668585777581338,0.994592466746778,34.1312665988243,286.802385631202,213.276300676264,2.0831163420477e-05,48005,1.20452150348773
8-840min.tif,48168,791.972,60.8203320319405,0.9574368142318,0.0164418701212423,646.755916791231,577.033694569009,840,0.678006051888415,0.994220607661823,34.5069180463807,288.91286914594,212.367230401098,2.07606709848862e-05,48168,1.2086114317258
8-860min.tif,48498,794.304,61.0572274595117,0.958366377660302,0.0163780774464926,647.119056455936,576.002618664687,860,0.671691791356315,0.994524761611812,34.0924312005624,288.783239544249,213.939491714355,2.06194069858551e-05,48498,1.21689165453907
8-880min.tif,49209,800.598,61.4653046847482,0.957246261192299,0.016269340974212,648.511755979597,575.346481334715,880,0.677885457158217,0.994502940522625,33.4221492480478,292.114326606081,214.752969917,2.03214859070495e-05,49209,1.23473177096402
8-900min.tif,48254,791.874,60.9364621139222,0.959382717565691,0.0164105359141211,647.121751564637,576.294835661292,900,0.667283306358966,0.993985086309892,33.2051534139652,287.453167803382,214.096267386148,2.07236705765325e-05,48254,1.21076930797411
8-920min.tif,49726,803.774,61.8656488017776,0.959703711002192,0.0161640590435587,647.530104975264,574.597775811447,920,0.663503284792597,0.994699045828249,36.2901975638522,291.138158814044,217.821817316713,2.01102039174677e-05,49726,1.24770412003814
8-940min.tif,49500,801.666,61.7464130947302,0.960353079013772,0.0161952727272727,647.456727272727,574.659131313131,940,0.658167076369396,0.994874886946036,36.0532701320629,289.635791953942,218.058649337557,2.02020202020202e-05,49500,1.24203342199026
8-960min.tif,50638,812.129,62.352163264703,0.957376700266445,0.0160379359374383,647.930111773767,573.609719973143,960,0.664618890319182,0.994540026710661,35.3098366620103,294.054413833335,219.712320392479,1.97480153244599e-05,50638,1.2705876449039
8-980min.tif,50722,811.822,62.4792134236323,0.95968745635522,0.0160053231339458,647.504357083711,573.580931351287,980,0.656209839204493,0.994939191839937,34.4243261132635,292.822122072429,220.95726488642,1.97153109104531e-05,50722,1.27269533798364
8-1000min.tif,51113,814.073,62.7867525393914,0.96176509183337,0.0159269266135817,646.459863439829,573.592158550662,1000,0.651241172121689,0.994203575110385,32.9092131176033,293.030420483643,222.372238235584,1.95644943556434e-05,51113,1.28250614743815
8-1020min.tif,50046,806.423,62.0592418619013,0.959569034248931,0.016113635455381,647.155756703832,575.076789353795,1020,0.660296187101426,0.994436275483845,32.8165267826461,291.55725166907,218.961038281418,1.99816169124406e-05,50046,1.25573342700858
8-1040min.tif,50978,812.823,62.717221338471,0.962166051721639,0.0159445839381694,646.679763819687,573.123582721959,1040,0.655506503994969,0.994615054434776,31.3412935422659,293.413624921594,221.582896917082,1.96163050727765e-05,50978,1.27911878355999
8-1060min.tif,50176,806.198,62.2378125472899,0.962596609716521,0.0160674027423469,646.062021683673,575.17330994898,1060,0.661451566663254,0.994667459609476,29.1426494860761,292.020767024086,219.012036913153,1.99298469387755e-05,50176,1.25899533296532
8-1080min.tif,50705,811.426,62.4887543657709,0.960298820549801,0.0160028794004536,646.516477664925,573.981106399763,1080,0.668510222524003,0.994820381015912,29.8195904659403,294.783249207922,219.231172946719,1.97219209150971e-05,50705,1.27226878105084
8-1100min.tif,50547,811.839,62.2623451201531,0.956336464010345,0.0160610718737017,646.921795556611,574.522305972659,1100,0.676956678308655,0.994451986070944,29.4127409690985,295.805347302176,217.719498779768,1.97835677686114e-05,50547,1.26830431073418
8-1120min.tif,50901,813.393,62.5786059137465,0.959371917404009,0.0159799021630223,646.508437948174,574.722205850573,1120,0.665876068329189,0.994665259702193,27.7975052637416,294.951690630875,220.052357682917,1.96459794503055e-05,50901,1.27718673157023
8-1140min.tif,50903,812.26,62.6683574225002,0.962077663453615,0.0159570162858771,646.694929571931,574.072117556922,1140,0.666395786980694,0.994529433601,28.2021102309748,294.991215758128,219.944915380495,1.96452075516178e-05,50903,1.2772369147388
8-1160min.tif,50946,814.435,62.5537949621517,0.957774030434799,0.0159862403329015,646.32367604915,573.863875475994,1160,0.668337452381239,0.994475785199789,28.187656328303,295.464923316365,219.784011589544,1.96286263887253e-05,50946,1.27831585286295
8-1180min.tif,50448,810.432,62.2482823975361,0.957767575404833,0.0160647002854424,646.141650808754,574.999900888043,1180,0.670592700801338,0.994186390241019,27.3189571220073,294.411564095036,218.402076618714,1.98223913732953e-05,50448,1.2658202438902
8-1200min.tif,51437,818.778,62.8216683887452,0.956812474229178,0.0159180745377841,647.483795711258,573.607558761203,1200,0.675317566092556,0.994951448798793,28.1358439863288,298.189973516887,219.923178672907,1.94412582382332e-05,51437,1.29063582074572
8-1220min.tif,47327,782.058,60.5159719611589,0.964625434154863,0.016524563145773,645.911255731401,580.494960593319,1220,0.6572962757933,0.99526833781965,26.7900637155854,282.978807035853,213.261962105677,2.11295877617428e-05,47327,1.18750940934411
8-1240min.tif,47684,786.325,60.6415922169586,0.961424155336072,0.0164903321868971,645.563690126667,579.662444425803,1240,0.65390417580586,0.994577006507592,25.7388816206432,283.456531921925,214.456799691402,2.09713950171965e-05,47684,1.19646710493301
8-1260min.tif,47609,784.671,60.6738365506053,0.963946845865658,0.0164815686109769,645.520972925287,579.57896616186,1260,0.64882947679405,0.994734752721422,27.6429581790706,282.402167477798,214.889365943284,2.10044319351383e-05,47609,1.19458523611181
8-1280min.tif,48084,789.896,60.8738365556985,0.960777674490935,0.0164274186839697,645.647970218784,578.95187588387,1280,0.657367216145917,0.994560158851635,26.4114195580199,285.18630227421,214.907955005162,2.07969386906247e-05,48084,1.20650373864606
8-1300min.tif,48094,788.226,61.0154955558431,0.965037611948606,0.0163892793279827,646.067451241319,578.76693558448,1300,0.653410481352549,0.995034551247569,27.3568036370707,284.562979121669,215.415254588014,2.07926144633426e-05,48094,1.20675465448888
8-1320min.tif,48354,787.838,61.3755619810164,0.971206795687126,0.0162931298341399,645.428382346859,579.230363568681,1320,0.640066754013087,0.995163514375682,28.5548728813704,283.179822896817,217.572523975706,2.06808123423088e-05,48354,1.21327846640237
8-1340min.tif,48399,788.16,61.4075822168088,0.97131964594641,0.0162846339800409,645.72001487634,578.268497283002,1340,0.630053599338021,0.994636251541307,29.4215672259749,281.819362708561,218.847290540513,2.06615839170231e-05,48399,1.21440758769509
8-1360min.tif,48694,790.284,61.6158241847235,0.972014862666933,0.0162295970756151,645.173594282663,578.223107569721,1360,0.614828285991441,0.994709210875738,28.11689167105,280.517903238194,221.233531121473,2.05364110568037e-05,48694,1.22180960505846
8-1380min.tif,48960,792.004,61.8178696067192,0.97310109445482,0.0161765522875817,644.90510620915,577.824387254902,1380,0.616165086621232,0.994859081949891,26.879111408516,281.495218917296,221.710428297678,2.04248366013072e-05,48960,1.22848396647764
8-1400min.tif,49025,790.053,62.0527989894349,0.979192270490401,0.0161153085160632,644.112901580826,577.756124426313,1400,0.598386504946793,0.99496681752684,26.5006543447772,279.202731469489,223.699345585091,2.03977562468129e-05,49025,1.23011491945601
8-1420min.tif,49824,798.803,62.3733260891609,0.973553288654869,0.0160324943802184,644.467726396917,578.104989563263,1420,0.619847331777212,0.995007389064185,23.0859180577152,284.480615043928,223.238318282355,2.00706486833654e-05,49824,1.25016309529784
8-1440min.tif,49838,799.828,62.3108968428212,0.971342230799311,0.0160485573257354,644.255608170472,578.093181909386,1440,0.616028662212004,0.9948300297423,25.0891716485123,284.073746639832,223.771633557197,2.00650106344556e-05,49838,1.25051437747779
8-1460min.tif,50803,806.875,62.9626646010844,0.972996756293936,0.0158824282030589,644.316300218491,576.422455366809,1460,0.614776340381779,0.995454100127364,24.4858749936393,286.634241103447,226.068855038254,1.96838769364014e-05,50803,1.27472775631053
8-1480min.tif,50544,805.536,62.7457990704326,0.971244681056882,0.0159373219373219,643.540163026274,576.63071779044,1480,0.612279151901455,0.994843128764319,25.3137187517216,285.492078465313,225.721931849195,1.97847420069642e-05,50544,1.26822903598133
8-1500min.tif,51635,814.93,63.361270293154,0.969552702158599,0.015782511862109,645.394984022465,575.330725283238,1500,0.617199225685265,0.994855689568803,27.1079804813566,289.296037667882,227.62012187528,1.93667086278687e-05,51635,1.29560395443368
8-1520min.tif,51282,812.043,63.151828166735,0.969756932504283,0.0158348543348543,644.606372606373,574.996840996841,1520,0.604022759815854,0.994434640966472,28.7635679815079,286.415064590713,228.26337392509,1.95000195000195e-05,51282,1.28674662518191
8-1540min.tif,50575,805.138,62.8153186161875,0.972797683200805,0.0159196836381611,644.470627780524,573.868274839347,1540,0.612565994112886,0.994396382225718,31.2711139778474,285.587506332858,225.733918945087,1.97726149283243e-05,50575,1.26900687509409
8-1560min.tif,51357,810.397,63.3726432847111,0.975109058682514,0.0157796794984131,644.823023151664,574.551434079093,1560,0.604615636517385,0.995117130733012,31.3760687880507,286.627404684383,228.303708594335,1.94715423408688e-05,51357,1.28862849400311
8-1580min.tif,51417,810.263,63.4571737818461,0.976569951442556,0.015758659587296,644.298481047124,574.663496508937,1580,0.587412593182898,0.99498800216735,29.3757886090369,284.636920208318,230.353134573793,1.9448820429041e-05,51417,1.29013398906007
8-1600min.tif,51583,812.893,63.4560760149245,0.973417885734827,0.0157589322063471,644.390496869124,574.720935191827,1600,0.592656277859099,0.994735421166307,28.6178680180169,285.786490391015,230.188295869105,1.9386231898106e-05,51583,1.29429919205099
8-1620min.tif,51644,812.935,63.5278343286979,0.974468699648334,0.0157411315932151,643.782278677097,574.554294787391,1620,0.573341075520225,0.994818253616628,28.7564334151939,283.543379828826,232.311853300379,1.93633335915111e-05,51644,1.29582977869223
8-1640min.tif,52011,815.548,63.7742965466165,0.975139005988621,0.0156802983984157,643.780892503509,574.568495126031,1640,0.593267306366839,0.994892689085275,26.7122649606679,286.997908464074,231.034903388065,1.92267020437984e-05,52011,1.30503839012395
8-1660min.tif,51656,812.588,63.5697302938266,0.975524547018533,0.0157307573176398,644.323679727428,574.459656187084,1660,0.582694557575637,0.994953580646404,25.9973229181409,284.682010101688,231.358575970205,1.9358835372464e-05,51656,1.29613087770362
8-1680min.tif,51646,811.158,63.669470066251,0.97876429904964,0.0157061147039461,643.870851566433,575.626592572513,1680,0.576083617686338,0.995451216221426,26.6536002019726,283.762992961953,231.945250369059,1.93625837431747e-05,51646,1.29587996186079
8-1700min.tif,51819,813.159,63.7255444507163,0.97723422406511,0.0156922943321948,643.129373395859,574.713695748664,1700,0.562383144376044,0.994931167559472,31.2624768859069,282.662411261129,233.726982676222,1.92979409097049e-05,51819,1.30022080594169
8-1720min.tif,52722,818.593,64.4056325915321,0.981157213174932,0.0155265923144039,641.955483479382,574.625355639012,1720,0.537872425757136,0.995149021310331,28.7900169818046,282.319812319287,238.003011913517,1.89674139827776e-05,52722,1.3228785065489
8-1740min.tif,48445,783.156,61.8586846043445,0.984656908262697,0.0161658788316648,640.594426669419,578.934131489318,1740,0.535853853965448,0.995561126980539,30.2827663471096,270.3808303894,228.285442432219,2.0641965115079e-05,48445,1.21556180057209
8-1760min.tif,48094,780.105,61.6506752296165,0.98515311424695,0.0162204225059259,639.995300869131,579.668191458394,1760,0.524505471280163,0.995281652249493,27.9562680807904,268.239364159018,228.380892948423,2.07926144633426e-05,48094,1.20675465448888
8-1780min.tif,48034,778.244,61.7210026675438,0.988616419177817,0.016201940292293,639.120643710705,579.833305575218,1780,0.512778302622555,0.995378908759351,28.4998115770624,266.997270422611,229.222779915153,2.08185868343257e-05,48034,1.20524915943193
8-1800min.tif,48221,780.684,61.7676294121565,0.9862958312035,0.0161897098774393,639.203293171025,579.829368947139,1800,0.514859417296149,0.995478943022296,27.6513412850741,267.705340265718,229.496994835884,2.07378528027208e-05,48221,1.20994128569278
8-1820min.tif,49008,786.364,62.3222833191753,0.98802156071843,0.0160456252040483,639.842168625531,579.078272935031,1820,0.502248056336275,0.995167120172197,26.4475553679441,268.704359395135,232.35499874046,2.04048318641854e-05,49008,1.22968836252321
8-1840min.tif,48898,785.802,62.2268714001746,0.987208880350673,0.0160702278211788,640.223996891488,578.237024009162,1840,0.505422076212956,0.995196808727154,27.1775390512805,268.668775453606,231.826831567611,2.04507341813571e-05,48898,1.22692828825212
8-1860min.tif,49659,791.848,62.7127933643831,0.987381412292151,0.0159457097404297,640.998207777039,577.73446907912,1860,0.502609600714419,0.995369813589898,26.7130740908988,270.542155077642,233.88734500622,2.01373366358565e-05,49659,1.2460229838912
8-1880min.tif,49308,789.466,62.4574079187704,0.986304000824208,0.0160109110083556,639.436562018334,578.791210351261,1880,0.477980410072708,0.994915254237288,26.1286620201102,267.473608029992,234.940925652249,2.02806846759147e-05,49308,1.237215837808
8-1900min.tif,49353,789.896,62.480377163576,0.986133860934014,0.0160050250238081,638.241180880595,577.802585455798,1900,0.438503248166671,0.994959982259138,29.760702089417,264.539199611647,237.749210144963,2.02621927745021e-05,49353,1.23834495910072
8-1920min.tif,49620,790.475,62.7723836933489,0.990022683536974,0.0159305723498589,638.087384119307,577.103708182185,1920,0.429276089203792,0.994827378804282,29.6962393963236,264.586582282333,238.967540962787,2.01531640467553e-05,49620,1.24504441210418
8-1940min.tif,49988,794.179,62.9429889231521,0.988119940092273,0.0158873929743138,638.056293510443,577.172241337921,1940,0.400656340207008,0.994469422671388,30.2611418904379,263.655381790219,241.568550923417,2.00048011522765e-05,49988,1.25427811512019
8-1960min.tif,50409,795.626,63.3576579950881,0.992834987132578,0.0157834116923565,638.475133408717,576.49661766748,1960,0.433578618201025,0.995143618596387,28.3290292357526,266.932807807224,240.537355372587,1.98377273899502e-05,50409,1.26484167210318
8-1980min.tif,50779,799.58,63.507091222892,0.99029393055532,0.0157462730656374,638.155339805825,576.548671694992,1980,0.411256671677469,0.995159330537373,24.6746546425091,266.38203356702,242.812440127687,1.96931802516788e-05,50779,1.27412555828775
8-2000min.tif,50321,795.478,63.2588204827789,0.991469150774401,0.0158080721766261,638.423143419248,576.283340951094,2000,0.432992657717314,0.995076132094127,25.9839866803851,266.650453946551,240.358038562638,1.98724190695733e-05,50321,1.2626336126863
8-2020min.tif,50034,794.236,62.9963889826198,0.988887833544203,0.0158739257305033,639.344405804053,577.726785785666,2020,0.428177335685182,0.995028239599077,22.569458654532,265.647179949192,240.063957173193,1.99864092417156e-05,50034,1.25543232799719
8-2040min.tif,50526,799.696,63.1815089734099,0.985075191406871,0.0158274155880141,640.067232711871,577.506471915449,2040,0.432827209767307,0.994312702942045,20.6280248861865,267.257542473943,240.926501669465,1.97917903653564e-05,50526,1.26777738746424
8-2060min.tif,50474,798.447,63.2152165391065,0.987130409770674,0.0158189761065103,638.961584181955,576.601359115584,2060,0.424674227476088,0.994914452416621,26.5836148753979,266.529104710988,241.301120774554,1.9812180528589e-05,50474,1.26647262508155
8-2080min.tif,50639,799.448,63.3424562948434,0.987888516590166,0.0157871995892494,638.59035525978,576.016864472047,2080,0.44547415765213,0.99489184463349,26.0793458082418,268.422777583513,240.317516366013,1.97476253480519e-05,50639,1.27061273648818
8-2100min.tif,50451,797.472,63.263663175635,0.989085248080088,0.0158068621038235,637.472101643179,575.704465719213,2100,0.413094556981527,0.994853289162328,28.0756001456819,265.669154191788,241.941747690193,1.98212126617906e-05,50451,1.26589551864305
8-2120min.tif,50878,801.062,63.5131862452594,0.988571025063635,0.0157447619796376,636.464975038327,574.414835488816,2120,0.389050100631136,0.994682306940371,35.6292745323396,265.286719865212,244.386529391448,1.9654860647038e-05,50878,1.27660962513173
8-2140min.tif,50903,800.814,63.5640735551576,0.989667072907628,0.0157321572402412,637.187926055439,574.592145846021,2140,0.396504650804517,0.995073795327925,33.3091958544258,265.830615265269,244.041200894563,1.96452075516178e-05,50903,1.2772369147388
8-2160min.tif,51288,803.741,63.8116010008199,0.989931024624343,0.0156711316487287,637.694138979878,573.26368741226,2160,0.388024333810064,0.994936856195077,42.4324325317849,266.259453359658,245.397793188081,1.94977382623616e-05,51288,1.28689717468761
8-2180min.tif,51045,801.871,63.6573713228188,0.98982341731031,0.0157090998138897,637.301028504261,574.493760407484,2180,0.378308221300047,0.994971054324309,38.2818338104752,265.05805843269,245.358861536398,1.95905573513566e-05,51045,1.28079991970693
8-2200min.tif,51758,806.726,64.1580908511688,0.99165203800764,0.0155864987055141,636.632385331736,572.780304493991,2200,0.352274506451411,0.994906099225343,41.591209314503,265.428313067934,248.413487821967,1.93206847250667e-05,51758,1.29869021930045
8-2220min.tif,51557,803.856,64.1371091339742,0.994839508644142,0.0155915976492038,636.427914735148,573.101033807243,2220,0.369617462647308,0.99525124027566,39.1129348948627,265.837800425862,247.012234391527,1.93960083014916e-05,51557,1.29364681085964
8-2240min.tif,51608,807.148,63.9387076471725,0.987748482561636,0.0156399782979383,636.716826848551,573.835335606883,2240,0.36670763496773,0.994527094735219,35.18558749542,265.867442467365,247.346115477377,1.9376840799876e-05,51608,1.29492648165805
8-2260min.tif,51539,804.715,64.0462772534376,0.992378404506899,0.0156137100060149,635.711519431887,573.707153805856,2260,0.308944924914954,0.995076649804997,36.3269834342757,262.776640120599,249.921588508179,1.94027823589903e-05,51539,1.29319516234255
8-2280min.tif,52202,810.017,64.4455610190897,0.992079544826618,0.0155169725297881,634.849450212635,573.045170683116,2280,0.273600010388066,0.995138875650533,46.5862042591541,262.973078734708,252.938962289331,1.91563541626758e-05,52202,1.30983088272194
8-2300min.tif,51878,806.95,64.288989404548,0.993401562834644,0.0155547630980377,633.327441304599,572.758298315278,2300,0.258696462324653,0.99524229750988,53.5805904679,261.575859379614,252.67146763716,1.92759936774741e-05,51878,1.30170120941436
8-2320min.tif,52757,815.46,64.6959998037917,0.989338215716366,0.0154569061925432,633.232898004056,572.642549803817,2320,0.222879449574454,0.994739422279207,42.2492095936769,262.590033306185,255.984847277348,1.89548306385882e-05,52757,1.3237567119988
8-2340min.tif,52963,815.799,64.9216289796874,0.992379179772249,0.0154031871306384,633.334195570493,572.075222325019,2340,0.224810658495949,0.995376721983123,63.7549116460133,263.158576939086,256.422366599335,1.88811056775485e-05,52963,1.32892557836102
8-2360min.tif,52962,816.56,64.8599000685804,0.990518709537337,0.0154178467580529,632.461009780597,571.541539216797,2360,0.274855022583575,0.995133499934236,75.528712186938,264.923326801243,254.719985529234,1.88814621804313e-05,52962,1.32890048677674
8-2380min.tif,52910,814.584,64.9533995266296,0.99433435547302,0.015395652995653,633.055528255528,571.616386316386,2380,0.234164138268385,0.995334662703638,57.6083609156952,263.331877753502,256.010481808726,1.89000189000189e-05,52910,1.32759572439404
8-2400min.tif,53128,818.47,64.9113589991081,0.989008933496988,0.015405624152989,633.464952567384,571.971032224063,2400,0.242296099558077,0.99457111834962,35.1794606749705,264.23015511877,256.356717463434,1.88224664960096e-05,53128,1.33306568976765
8-2420min.tif,53090,817.28,64.9593774471417,0.991170631356958,0.0153942362026747,631.944678847241,571.89670371068,2420,0.213566467687426,0.995238452309538,39.2688641596164,263.197824844197,257.125465626429,1.88359389715577e-05,53090,1.33211220956491
8-2440min.tif,53074,818.487,64.8440353970191,0.987962807388259,0.015421618871764,631.80954893168,572.60458981799,2440,0.212447607400202,0.994826616682287,33.4712950975808,263.116565735486,257.110261473617,1.88416173644346e-05,53074,1.33171074421639
8-2460min.tif,52969,817.122,64.8238573921642,0.989292613176869,0.0154264192263399,632.608752289075,572.366648416999,2460,0.246055719704199,0.994909842223892,34.6681619971731,263.916356916863,255.802429292003,1.88789669429289e-05,52969,1.32907612786671
8-2480min.tif,52686,813.334,64.7778157558887,0.993158761476247,0.0154373837452075,632.598716926698,572.487340090347,2480,0.256984642111106,0.995108131079422,40.360435541892,263.594148053776,254.741466989776,1.89803742929811e-05,52686,1.32197520951473
8-2500min.tif,53128,817.162,65.0152601320179,0.992165460076978,0.0153810043668122,632.728448275862,572.278120764945,2500,0.258248380961055,0.994664220320896,34.0473542826291,264.744902394306,255.764372652808,1.88224664960096e-05,53128,1.33306568976765
8-2520min.tif,53322,819.048,65.1024115802737,0.991225222085701,0.0153604140879937,632.408161734369,572.919076553768,2520,0.270155471665203,0.994850554125154,34.1814842340069,265.688521939267,255.809349140454,1.87539852218596e-05,53322,1.33793345711848
8-2540min.tif,53982,823.275,65.5698278218092,0.993255041972003,0.0152509169723241,631.857359860694,571.623078063058,2540,0.271036395179706,0.99531676377314,40.26149281888,267.384190228383,257.375759371972,1.8524693416324e-05,53982,1.35449390274502
8-2560min.tif,53798,822.315,65.4226178532558,0.992173249716423,0.0152852336518086,632.806535558943,571.67351946169,2560,0.279654890396775,0.994951082835531,42.4809843885882,267.22431717796,256.562224495676,1.85880516004312e-05,53798,1.34987705123702
8-2580min.tif,53997,824.309,65.5057751401477,0.991049514230701,0.015265829583125,632.379465525863,572.07555975332,2580,0.266782543108858,0.995024600585992,51.9758241903453,267.221115768597,257.536154275492,1.8519547382262e-05,53997,1.35487027650926
8-2600min.tif,53644,821.936,65.2654221253236,0.990242204835557,0.015322049064201,632.393650734472,571.997781671762,2600,0.285969242983205,0.994936661906263,47.7174340684733,267.082233082721,255.92855772809,1.86414137648199e-05,53644,1.34601294725749
8-2620min.tif,53551,819.778,65.3237827802161,0.993716827798732,0.0153083602547105,631.71899684413,572.778752964464,2620,0.222012313166818,0.995334745920226,50.4890423283838,264.508619067851,257.90750546528,1.86737876043398e-05,53551,1.34367942991921
8-2640min.tif,53744,820.273,65.5196501652499,0.996099522293834,0.0152625967549866,633.23435174159,572.203576213159,2640,0.267413990160592,0.99535142142791,34.1176711101824,266.543363974947,256.836316813078,1.86067281929146e-05,53744,1.34852210568575
8-2660min.tif,53647,821.373,65.3138099255758,0.991650446979491,0.0153106977090984,631.423005946278,572.865211475013,2660,0.0715102039195265,0.994807795723849,-68.7786209880162,261.742559651731,261.072464209299,1.86403713161966e-05,53647,1.34608822201034
8-2680min.tif,54610,830.229,65.7770326018484,0.988110917726182,0.0152028749313313,633.703662332906,572.17954587072,2680,0.16967349090132,0.994681432370405,42.3860468212239,265.740371561202,261.887224684287,1.83116645303058e-05,54610,1.37025141767451
8-2700min.tif,54867,830.337,66.0779900209192,0.992503802174189,0.0151336322379572,633.791021925748,572.094154956531,2700,0.232308207271562,0.995500317517917,43.0581797258796,268.099754988292,260.765142073373,1.82258917017515e-05,54867,1.37669995483515
8-2720min.tif,54687,829.602,65.9195614282511,0.990994773615906,0.0151700038400351,633.658017444731,572.188490866202,2720,0.247206080738976,0.995340625739403,44.7203828778227,268.157238354743,259.8344225372,1.82858814709163e-05,54687,1.37218346966427
8-2740min.tif,54807,831.562,65.9084950971786,0.988510596183193,0.0151725509515208,633.598828616782,571.055449121463,2740,0.324360469805108,0.994971316534747,57.1124356917708,271.715018482848,257.024352684214,1.82458445089131e-05,54807,1.37519445977819
8-2760min.tif,54923,831.876,66.0230611293029,0.989857924179506,0.0151462228938696,633.728547238862,570.905340203558,2760,0.302315875608922,0.99525233306152,52.7636590363722,270.972698336096,258.293289836306,1.82073084135972e-05,54923,1.37810508355498
8-2780min.tif,51864,808.405,64.1559614302237,0.989575547460158,0.0155870160419559,630.910438840043,572.326739163967,2780,0.284023326856513,0.994782875556238,55.4051385811338,262.560602240955,251.747666214132,1.92811969767083e-05,51864,1.30134992723441
8-2800min.tif,51791,806.148,64.2450269677528,0.993702196310772,0.0155654071170667,630.389083045317,571.778069548763,2800,0.283354310081704,0.995138728767966,56.0782690551941,262.258323149137,251.509742992608,1.93083740418219e-05,51791,1.29951824158177
8-2820min.tif,52434,810.746,64.6737695899826,0.994704305907667,0.0154622191707671,631.102166533165,571.935328222146,2820,0.212070000671736,0.995235835626839,50.2877121467266,261.428175564524,255.481855251692,1.90715947667544e-05,52434,1.31565213027551
8-2840min.tif,52847,814.352,64.8945419179912,0.993714181151701,0.0154096164399114,631.672374969251,571.943970329442,2840,0.193692666400468,0.99546036769138,58.5512198025174,261.96454559831,257.003528208157,1.89225500028384e-05,52847,1.32601495458423
8-2860min.tif,52779,814.012,64.8381104946856,0.993261569814708,0.0154230280982967,634.240114439455,577.293791091154,2860,0.23557480187298,0.995060424954281,55.4310839614952,263.007874914653,255.605839194828,1.89469296500502e-05,52779,1.32430872685301
8-2880min.tif,51227,801.748,63.8941413012568,0.993656237855567,0.0156508872274387,636.495949401683,576.293712300154,2880,0.236707539119222,0.995394839110835,67.5467420499035,259.137800531655,251.773350224247,1.95209557459933e-05,51227,1.28536658804637
8-2900min.tif,51456,803.617,64.0305020924147,0.993478990526926,0.0156175567475124,636.388759328358,576.715212997512,2900,0.26621918940169,0.995434496633908,74.4835813829285,260.749275057047,251.33949040015,1.943407960199e-05,51456,1.29111256084709
8-2920min.tif,50884,799.036,63.6817364924734,0.993688021849958,0.0157030893797657,637.473999685559,576.852075308545,2920,0.273017471403794,0.995091424660213,75.9150480685424,259.57158866596,249.710223898826,1.96525430390693e-05,50884,1.27676017463743
8-2940min.tif,50642,796.364,63.5915234741902,0.995583524041425,0.0157253662967497,636.943623869515,577.357134394376,2940,0.211836492427519,0.995341889581163,65.4489737175824,256.921082063019,251.090289317024,1.97464555112357e-05,50642,1.27068801124103
8-2960min.tif,50128,792.518,63.2515602169288,0.99502876394614,0.0158098866900734,637.1439514842,578.031838493457,2960,0.224279040872327,0.99482029808093,60.3205533095027,255.97081155325,249.44994675006,1.99489307373125e-05,50128,1.25779093691976
8-2980min.tif,49625,787.952,62.9797246532784,0.996448022793688,0.0158781259445844,636.588392947103,579.125098236776,2980,0.240382563283529,0.995326727907257,47.3088398073281,255.204565273993,247.721515323345,2.01511335012594e-05,49625,1.24516987002559
8-3000min.tif,50228,794.527,63.2174866304103,0.991997926968846,0.0158184080592498,635.837242175679,578.366906904515,3000,0.28203113670795,0.995145919600579,52.9780715039562,258.253894946044,247.770143209418,1.99092139842319e-05,50228,1.26030009534802
8-3020min.tif,49962,791.574,63.1172827808897,0.994091157599621,0.0158435210760178,635.64234818462,578.647011728914,3020,0.291476298096341,0.995040927286849,51.1569586387083,257.973876431486,246.772147924814,2.00152115607862e-05,49962,1.25362573392884
8-3040min.tif,50326,795.882,63.2329918254214,0.990565211564472,0.015814529269165,634.947542025991,579.078210070341,3040,0.3164524763794,0.994624293450334,51.1652025860264,260.013915299986,246.651375076187,1.98704447005524e-05,50326,1.26275907060772
8-3060min.tif,51285,802.332,63.9199234232213,0.993339282713735,0.0156445744369699,633.593370381203,577.735458711124,3060,0.276619261213941,0.995013775173645,52.2078200527852,260.785083450069,250.609144190559,1.94988788144682e-05,51285,1.28682189993476
8-3080min.tif,51333,802.764,63.9453189231206,0.993203338776922,0.0156383612880603,633.730309937078,577.115598153235,3080,0.287261946152566,0.995327102803738,55.2194935347051,261.339248541991,250.324338317793,1.94806459782206e-05,51333,1.28802629598033
8-3100min.tif,52480,812.118,64.6211511135081,0.992228861004063,0.0154748094512195,633.331859756098,576.794588414634,3100,0.315765065748831,0.995353247984827,51.4937580501459,265.496360389526,251.912877926313,1.90548780487805e-05,52480,1.31680634315251
8-3120min.tif,52583,813.69,64.6228907815016,0.990353340634567,0.015474392864614,632.607686895004,576.731738394538,3120,0.35206342471588,0.995192762647387,50.3179587082693,267.573733078189,250.442631328184,1.90175532016051e-05,52583,1.31939077633362
8-3140min.tif,53215,819.487,64.9369666632906,0.988180613557158,0.0153995489993423,631.585098186601,576.654589871277,3140,0.352372258307516,0.994858852121892,40.6235858548534,269.225630666064,251.957477423467,1.87916940712205e-05,53215,1.33524865760024
8-3160min.tif,53669,822.084,65.2840828917726,0.990348369261779,0.0153176694180998,631.55395107045,576.589017868788,3160,0.370774752102508,0.995049688519727,37.9000505072874,271.382044440944,252.038698606202,1.86327302539641e-05,53669,1.34664023686456
8-3180min.tif,53786,822.845,65.3658951564389,0.990679361695101,0.015298497750344,631.694028185773,576.332930502361,3180,0.350976028143069,0.995097222993099,41.8892563131883,270.562804011577,253.35080090313,1.85921987134198e-05,53786,1.34957595222562
8-3200min.tif,53919,823.631,65.4649958537258,0.991241668885228,0.0152753389343274,631.847178174669,576.666295739906,3200,0.359899238182313,0.995127623055202,47.52673236316,271.355421901954,253.17221475589,1.85463380255569e-05,53919,1.35291313293521
8-3220min.tif,54526,828.23,65.8343696799198,0.991341167290414,0.0151896343029014,630.822671752925,576.920294905183,3220,0.359206299912428,0.995,44.4115390479527,272.85976557721,254.648608739161,1.8339874555258e-05,54526,1.36814372459477
8-3240min.tif,55192,832.587,66.2897691172214,0.993014235010236,0.0150852840991448,630.032776489346,577.10671836498,3240,0.360197474846785,0.99518563262951,38.586274150631,274.557274931884,256.127914149942,1.81185679083925e-05,55192,1.384854719727
8-3260min.tif,56234,840.204,66.9289839134306,0.993568195919568,0.0149412099441619,629.553330725184,577.195842372942,3260,0.337098091331737,0.995415361195192,45.1197211899303,275.85914568162,259.712980363235,1.77828360066863e-05,56234,1.41100015054951
8-3280min.tif,56029,839.136,66.7698680547611,0.992458237885617,0.0149768155776473,629.700601474237,577.428278213068,3280,0.373832439787668,0.995221855128068,44.7432970977351,277.40370709462,257.290900040096,1.78479001945421e-05,56029,1.40585637577157
8-3300min.tif,57319,849.019,67.5120344774381,0.991894713064789,0.014812173973726,628.512465325634,577.181266246794,3300,0.359663126768025,0.995207917353937,46.9524113064257,279.739428377761,261.019887746158,1.74462220206214e-05,57319,1.43822451949616
8-3320min.tif,58060,853.171,68.0520083312724,0.994998060491638,0.0146946434722701,628.363055459869,577.327592146056,3320,0.385336589038894,0.995627197119095,50.7779716923252,283.10954327477,261.246717518572,1.7223561832587e-05,58060,1.45681738344959
8-3340min.tif,58215,857.406,67.8966557266919,0.987859038415292,0.0147282659108477,627.824924847548,577.813347075496,3340,0.433935541938447,0.994737111904721,49.1816473561182,286.920202309194,258.499011550041,1.71777033410633e-05,58215,1.4607065790134
8-3360min.tif,59626,866.907,68.7801575024772,0.989825235811878,0.0145390769127562,625.763626605843,576.792523395834,3360,0.392476570589646,0.995226331953532,44.3248840281802,287.510548859027,264.44127820462,1.67712071914936e-05,59626,1.49611080443619
8-3380min.tif,59936,870.156,68.8796031975876,0.987581836336387,0.0145180859583556,625.568673251468,577.490823545115,3380,0.41058249889475,0.99510218990221,47.662735376847,289.6637952275,264.122242316593,1.66844634276562e-05,59936,1.50388919556381
8-3400min.tif,60702,875.961,69.2976057153229,0.987037703941806,0.0144305129979243,625.302032881948,576.717752298112,3400,0.388548661292805,0.995228960700408,44.2743731721592,289.99161578374,267.206454128536,1.64739217818194e-05,60702,1.5231093491243
8-3420min.tif,61251,878.89,69.6913151816496,0.989360951686693,0.0143489902205678,625.272093516841,576.614275685295,3420,0.395609391874692,0.995514164513141,45.3017175271496,291.62189646706,267.831050761175,1.63262640609949e-05,61251,1.53688462889547
8-3440min.tif,61881,883.654,70.0285405826262,0.98882658774902,0.0142798920508718,624.352790032482,575.661721691634,3440,0.391741375634801,0.995527598577841,50.1715726369004,292.87883292123,269.470601859956,1.61600491265493e-05,61881,1.55269232699353
8-3460min.tif,65134,906.042,71.8884996501266,0.990180648224247,0.0139104308041883,620.568228574938,573.111646758989,3460,0.405892055950741,0.995552158960642,46.5397154971119,301.382111899785,275.439448455775,1.53529646574754e-05,65134,1.63431525066493
8-3480min.tif,66622,917.852,72.584686855833,0.98699354529539,0.0137770105971001,620.833538470775,572.530410374951,3480,0.421247546036551,0.995145413536081,47.8938738603623,305.931379118317,277.463149159115,1.50100567380145e-05,66622,1.67165152807748
8-3500min.tif,66940,917.638,72.9481560266685,0.992165682160114,0.0137083657006274,620.621153271587,572.425246489393,3500,0.407479443956077,0.995479150556183,47.2943149419541,305.598846997822,279.077261408199,1.49387511204063e-05,66940,1.67963065187936
8-3520min.tif,67910,926.503,73.2971183039882,0.987437688687361,0.0136431011633044,620.149138565749,571.663333824179,3520,0.392604305348976,0.995193294059029,45.7318943324411,306.776037681109,282.144218316859,1.47253718156383e-05,67910,1.70396948863351
8-3540min.tif,69224,934.5,74.0759764579989,0.989447662758322,0.0134996532994337,620.048350283139,570.570466890096,3540,0.407626174133581,0.995441538085446,43.4852231648189,310.861511287557,283.86284514243,1.4445856928233e-05,69224,1.73693983038089
8-3560min.tif,69867,938.338,74.4582442573998,0.990512904852392,0.0134303462292642,618.876307842043,570.082571170939,3560,0.401242783405834,0.995823831242873,44.0957038499616,311.786990101611,285.58807188143,1.4312908812458e-05,69867,1.75307371907462
8-3580min.tif,70625,943.392,74.8628353855025,0.990595295963802,0.0133577628318584,619.552849557522,570.601996460177,3580,0.426194772148403,0.995714023883038,43.7704349911344,315.434905099606,285.35232788605,1.41592920353982e-05,70625,1.77209313996086
8-3600min.tif,71899,952.662,75.4716783077314,0.988997962540348,0.0132500034770998,619.461717130975,569.748981209753,3600,0.442332990016759,0.995968970771575,43.5087603441951,319.66589358105,286.69264241706,1.39083992823266e-05,71899,1.80405981833693
8-3620min.tif,72857,957.732,76.072429447904,0.991627660685683,0.0131453669516999,619.569910921394,569.157308151585,3620,0.428480016328094,0.995695074618707,45.2059985699197,320.528757515727,289.614162038443,1.37255171088571e-05,72857,1.82809755607969
8-3640min.tif,73230,960.933,76.2071861409692,0.990096722874774,0.0131221220811143,619.497105011607,568.69934453093,3640,0.42619719000264,0.995703369319881,49.4202842624222,321.149134077134,290.521233166013,1.36556056261095e-05,73230,1.83745671701711
8-3660min.tif,74302,966.624,76.8675307048035,0.992834420807875,0.0130093940943716,619.359034750074,568.265241850825,3660,0.417517692750085,0.996072122796434,46.4158145672459,322.764837202565,293.286335197957,1.34585879249549e-05,74302,1.86435489536809
8-3680min.tif,75839,977.111,77.6155421441372,0.991805386446835,0.0128840174580361,618.857579873152,568.473028389087,3680,0.42031083576649,0.995693673113028,44.9532851261743,326.289067914714,296.068235024882,1.3185827872203e-05,75839,1.9029206604105
8-3700min.tif,77225,985.588,78.3542413259902,0.992687870756545,0.0127625509873746,619.063463904176,567.56787309809,3700,0.427270825988305,0.996040344631894,42.9861391729771,329.847493478789,298.222931927088,1.29491744901263e-05,77225,1.93769759622623
8-3720min.tif,78913,996.008,79.2292832989293,0.993338771092444,0.0126215959347636,619.601358458049,567.31633571148,3720,0.430927373717509,0.996288206850405,44.2103281305074,333.769868041078,301.189460606066,1.26721832904591e-05,78913,1.98005219049531
8-3740min.tif,80300,1004.716,79.9230827417897,0.993406655971435,0.0125120298879203,619.284657534247,566.038181818182,3740,0.421237332955809,0.996203756544178,43.3562302995011,335.848415533816,304.597869854021,1.2453300124533e-05,80300,2.01485421789532
8-3760min.tif,81484,1012.548,80.4742096177169,0.99256783919221,0.0124263413676305,618.912203622797,564.378111040204,3760,0.413012853480441,0.996136919315403,46.5757037486112,337.631633622652,307.489635749554,1.2272347945609e-05,81484,2.04456265368595
8-3780min.tif,82497,1019.817,80.8939250865597,0.990676612337418,0.0123618677042802,618.088427457968,563.874371189255,3780,0.396899319186838,0.995979717493662,47.9581000076407,338.375050490701,310.581652091932,1.21216529085906e-05,82497,2.06998042856426
8-3800min.tif,83762,1026.434,81.6048572046522,0.992979826642819,0.0122541725364724,618.01811083785,563.257276569327,3800,0.423906625417944,0.99608757179722,48.7611450922633,343.201408349594,310.83953960294,1.19385879038227e-05,83762,2.10172128268179
8-3820min.tif,85234,1035.638,82.3009584430081,0.992603760060547,0.0121505267850858,618.655747706314,562.614426167961,3820,0.412740470991208,0.995956999298902,50.7623032670485,345.209916377006,314.433993954206,1.17324072553206e-05,85234,2.13865609474582
8-3840min.tif,85931,1041.106,82.5381853528843,0.990268043499344,0.0121156043802586,618.241949936577,562.624245033806,3840,0.391476561416299,0.995458915932023,49.224650870101,344.869733148472,317.345017462505,1.16372438351701e-05,85931,2.15614492899082
8-3860min.tif,87763,1051.104,83.4960194233872,0.992287992649016,0.0119766188484897,619.306381960507,562.170379317024,3860,0.404308895368494,0.996050436381383,45.232307132719,349.595710939794,319.748103056343,1.1394323348108e-05,87763,2.2021127113966
8-3880min.tif,88830,1057.753,83.9799083528953,0.9918021706964,0.0119076100416526,618.415197568389,561.295767195767,3880,0.388748478330456,0.99585201793722,45.7686126110019,350.44697773402,322.88219253613,1.12574580659687e-05,88830,2.22888543182617
8-3900min.tif,91257,1071.836,85.1408237827429,0.992378229327191,0.0117452469399608,618.681251849173,559.573851868898,3900,0.392748322262987,0.996266334785314,46.8507777492457,355.529043448791,326.960860766969,1.09580634910199e-05,91257,2.28978270688011
8-3920min.tif,92061,1076.724,85.5010197599385,0.992078744321525,0.0116957669371395,618.817501439263,559.575803000185,3920,0.400815178330222,0.996191012087044,50.2046795005585,357.75601536792,327.761369763737,1.08623629984467e-05,92061,2.30995634064335
8-3940min.tif,92265,1077.99,85.5898477722428,0.991949889242218,0.0116836286782637,617.73604291985,558.800065030076,3940,0.389474264814064,0.995973574559036,54.2146459649923,357.183675801715,328.979505632756,1.083834606839e-05,92265,2.31507502383701
8-3960min.tif,93335,1085.598,85.9756558136622,0.989478501472128,0.0116311994428671,616.525719183586,557.51896930412,3960,0.384491087914607,0.995966408075721,57.7646392786462,358.870454305699,331.283617224908,1.07140943911716e-05,93335,2.34192301901942
8-3980min.tif,94317,1090.973,86.4521853428087,0.990088968319366,0.0115670875876035,617.080229439019,556.905478333704,3980,0.406182243739323,0.99592409955334,59.1413786182511,362.600381944365,331.34136107481,1.0602542489689e-05,94317,2.36656295478496
8-4000min.tif,95207,1095.498,86.9075069055352,0.991215883341363,0.0115064858676358,617.533794783997,556.390549014253,4000,0.42191010215436,0.996264283621447,57.1495819146756,365.734304629093,331.588497997166,1.05034293696892e-05,95207,2.38889446479651
8-4020min.tif,95874,1099.294,87.2141574501453,0.991298065752167,0.0114660283288483,617.337912259841,556.348519932411,4020,0.417809705055526,0.995948641236599,56.2581300680897,366.618756681726,333.085811525416,1.04303565095855e-05,95874,2.40563055151302
8-4040min.tif,96553,1102.891,87.5453693973385,0.991835814610924,0.0114226487007136,616.854297639638,555.476639772974,4040,0.425177181978896,0.996254488422964,55.6358086495443,368.629290032424,333.650107982238,1.03570059967065e-05,96553,2.42266773724093
8-4060min.tif,98203,1112.576,88.2663296709618,0.991347822661445,0.0113293483905787,616.594350478091,554.644053643982,4060,0.41490757349359,0.996074652601684,54.271709595902,370.809522194188,337.386073502686,1.01829882997464e-05,98203,2.46406885130727
8-4080min.tif,99838,1120.508,89.1006579158739,0.993674028979311,0.011223261683928,617.212594402933,554.600322522486,4080,0.398260102934068,0.996059182105694,53.7578036364361,372.367924687766,341.562867581315,1.00162262865843e-05,99838,2.50509359160937
8-4100min.tif,100544,1125.073,89.3666455421115,0.992619031358168,0.0111898571769574,616.381524506684,554.841004933164,4100,0.382217770583713,0.996067009441159,54.8259694445763,372.316638446522,344.047484404244,9.94589433481859e-06,100544,2.52280825011291
8-4120min.tif,102719,1138.654,90.2108981305998,0.990111083685661,0.0110851351746026,616.777227192632,554.25635958294,4120,0.393067077636232,0.995908513588195,52.5323242869314,377.248507688416,346.883699892305,9.73529726730206e-06,102719,2.57738244592764
8-4140min.tif,103649,1143.832,90.6155799103365,0.9900751091969,0.011035629866183,616.095968123185,554.191762583334,4140,0.372704552906314,0.99597378637045,62.1834137754589,377.192058353046,350.015393665751,9.64794643460139e-06,103649,2.60071761931048
8-4160min.tif,100342,1123.768,89.2906720960198,0.992920473098603,0.0111993781268063,618.288254170736,559.310946562755,4160,0.349033831377971,0.996276696089042,54.1089103764137,369.392372583246,346.161332086057,9.96591656534652e-06,100342,2.51773975008782
8-4180min.tif,101809,1131.755,89.9567485895799,0.993306898118753,0.0111164533587404,617.496635857341,558.653527684193,4180,0.359922523031783,0.996476426313265,51.7147323642452,372.867680285691,347.878907042772,9.82231433370331e-06,101809,2.55454910423044
8-4200min.tif,102920,1137.279,90.4967030957223,0.994442186931701,0.0110501263116984,616.600806451613,558.232666148465,4200,0.373447190729319,0.996234597179336,48.9998506870928,375.946040922832,348.746886549044,9.71628449280995e-06,102920,2.58242585436844
8-4220min.tif,103794,1144.334,90.7025396431461,0.990592874632554,0.0110250496175116,616.761835944274,558.023556274929,4220,0.39044966579369,0.99625662289795,51.7108133271973,378.998508758434,348.915227920404,9.63446827369597e-06,103794,2.60435589903146
8-4240min.tif,104242,1146.642,90.9106765668796,0.990878454400011,0.0109998081387541,615.876949789912,557.42709272654,4240,0.376831027396726,0.996139365097567,54.3543802458787,378.694502800873,350.777908243745,9.59306229734656e-06,104242,2.61559692879008
8-4260min.tif,106269,1157.69,91.7940035760869,0.991009960589615,0.0108939577863723,615.787915572745,557.073492740122,4260,0.391806764498888,0.996343487188142,51.5596687909408,383.610445844082,352.939843563347,9.41008196181389e-06,106269,2.66645757013098
8-4280min.tif,107831,1165.902,92.4871901755036,0.991498553429335,0.0108123081488626,614.682058035259,556.828138475948,4280,0.391499472924749,0.996341023958901,49.3334957125551,386.41069461841,355.566748444571,9.27377099349909e-06,107831,2.70565062478045
8-4300min.tif,108734,1171.585,92.8093138782077,0.990151451600924,0.0107747806573841,613.588831460261,556.518807364762,4300,0.401762768050204,0.996270878954747,50.1387583589812,388.988988878409,356.214248668043,9.19675538470028e-06,108734,2.72830832538766
8-4320min.tif,109867,1177.746,93.2858188437915,0.990056571619682,0.0107197429619449,613.76558930343,556.067408776066,4320,0.405626710017673,0.996336298754886,49.2949746268975,391.390741042133,357.746332739634,9.10191413254207e-06,109867,2.75673709037989
8-4340min.tif,111059,1184.122,93.7901668915872,0.990077798244448,0.0106620985242079,612.499383210726,555.683519570679,4340,0.402847952064234,0.996205665488599,51.6581361497682,393.229792757922,359.910219695467,9.00422298057789e-06,111059,2.78664625884478
8-4360min.tif,111622,1186.356,94.0881152031937,0.99136259583976,0.010628334916056,612.031696260594,555.819695042196,4360,0.397489236992701,0.996482645336381,54.0621707384853,393.712360950966,361.273154041059,8.95880740355844e-06,111622,2.8007728207959
8-4380min.tif,114009,1199.827,95.0211988895066,0.990011917913172,0.010523967406082,611.626257576156,555.923190274452,4380,0.422814890145869,0.996347016001468,52.5437759382418,400.40747254596,362.855686863967,8.77123735845416e-06,114009,2.86066643247855
8-4400min.tif,115283,1207.857,95.4442454694554,0.98784284076901,0.0104773210273848,611.346547192561,555.842049564984,4400,0.425958281682396,0.996240861404449,52.5363023674798,402.970400977278,364.58457070436,8.67430583867526e-06,115283,2.89263311085462
8-4420min.tif,115716,1208.577,95.7456579100876,0.990375146755963,0.0104443378616613,611.304962148709,556.762720799198,4420,0.428205334750842,0.996366391706418,53.2829344084462,403.968215616293,365.058589148856,8.64184728127485e-06,115716,2.903497766849
8-4440min.tif,117562,1218.65,96.469043613835,0.989652133201115,0.0103660196321941,611.337804732822,555.545763086712,4440,0.447708724794904,0.996245921782975,52.6170609758551,409.280302122037,365.970037493358,8.50614994641126e-06,117562,2.94981683143474
8-4460min.tif,118365,1222.959,96.7857467012386,0.989420630763398,0.0103320998606007,610.600008448443,555.197102183923,4460,0.439577537271538,0.99622936884011,52.4950859476071,409.811152424813,368.094281690627,8.44844337430828e-06,118365,2.96996537361369
8-4480min.tif,119964,1231.394,97.4212965143569,0.989130448874894,0.0102646960754893,610.40522156647,555.30252409056,4480,0.456151173314965,0.996511164274322,51.9844277735638,414.518546362519,368.881008624688,8.3358340835584e-06,119964,3.01008681688162
8-4500min.tif,121721,1240.94,98.0877399390784,0.988274630592466,0.0101949540342258,608.918395346736,554.862546314933,4500,0.435038493102691,0.996014990835297,50.295693935032,415.142366001299,373.799108066504,8.21550923834014e-06,121721,3.0541727304662
8-4520min.tif,123109,1247.96,98.6481938523671,0.988358527584653,0.0101370330357651,609.41783297728,554.09839248146,4520,0.442400505777775,0.996204826101733,49.1996796565549,418.290317927982,375.130115486799,8.122882973625e-06,123109,3.08899984945049
8-4540min.tif,124316,1253.898,99.1436305026406,0.988641822095765,0.0100863766530455,609.413607258921,553.111835966408,4540,0.432821627269866,0.996177670221887,49.2526201791722,419.21411185578,377.912962836845,8.04401686025934e-06,124316,3.11928539167963
8-4560min.tif,125819,1264.781,99.4788821147693,0.983491503276863,0.0100523847749545,608.422018931958,551.822347976061,4560,0.429890356362573,0.994789607678806,52.3108000485919,421.474884434539,380.541707460177,7.94792519412807e-06,125819,3.15699804285643
8-4580min.tif,127851,1272.671,100.458798856892,0.987052435332226,0.00995432964935745,607.511525134727,550.64805906876,4580,0.435603551165607,0.995763074886094,54.6900955493574,425.490261573004,383.000219474732,7.82160483688043e-06,127851,3.20798414211873
8-4600min.tif,129733,1281.52,101.233691241651,0.98783144004398,0.00987813432203063,606.848172785644,550.226048885018,4600,0.453070122231381,0.99643616980422,57.3523100050431,430.678075175658,383.938686030853,7.70813902399544e-06,129733,3.25520650373865
8-4620min.tif,132011,1295.754,101.879677778344,0.983267078738234,0.00981550022346623,605.889395580671,549.167160312398,4620,0.469073471408139,0.996053842787511,56.94765144921,436.423675692889,385.431561029859,7.57512631523131e-06,132011,3.31236513273448
8-4640min.tif,133807,1304.883,102.543293153486,0.982781288036087,0.00975197859603757,604.936692400248,548.985643501461,4640,0.491202018801803,0.995713743553872,58.6742045899373,442.445664860354,385.390385031243,7.47345056686123e-06,133807,3.35742961810609
8-4660min.tif,133064,1302.097,102.192079391935,0.981500727659904,0.00978549419828053,604.126292611074,550.059610413034,4660,0.490725334025239,0.995079343713076,57.3354757431007,441.14480549525,384.375786806086,7.51518066494319e-06,133064,3.33878657098409
8-4680min.tif,136343,1316.396,103.572937018952,0.984009236028073,0.00965503179481162,602.999779966702,549.217150862164,4680,0.483729450972406,0.995066377655654,57.4836864131193,445.550775050047,389.95387261351,7.3344432790829e-06,136343,3.42106187584684
8-4700min.tif,137614,1324.888,103.868402461189,0.980521176068811,0.00962756696266368,602.893404740797,548.128424433561,4700,0.487597143584974,0.994730488712837,56.3715860362177,448.197025518978,391.306812547609,7.26670251573241e-06,137614,3.45295327947007
8-4720min.tif,141079,1339.684,105.307669569839,0.983179958320067,0.00949598451931188,601.772949907499,544.769299470509,4720,0.4951566152893,0.995455924585283,59.1479745577929,454.939416575818,395.253063373391,7.08822716350414e-06,141079,3.53989561900938
8-4740min.tif,141489,1342.587,105.385349329317,0.981787687294863,0.00948898500943536,602.362791453753,544.317374495544,4740,0.508642144494856,0.995770286438173,60.666965965103,457.734823875089,394.099627108711,7.06768724070422e-06,141489,3.55018316856526
8-4760min.tif,144174,1355.604,106.35406800216,0.981342290699484,0.00940255524574472,601.52802863207,544.838549252986,4760,0.50459440644064,0.995298747022885,59.2005720612309,461.418682582213,398.368829222876,6.93606336787493e-06,144174,3.61755407236413
8-4780min.tif,147060,1369.259,107.401156391888,0.981166319587179,0.0093108867129063,600.076601387189,543.69959880321,4780,0.515309948040644,0.99552534846095,59.9092277769839,467.788502358289,400.896563482355,6.7999456004352e-06,147060,3.6899683846038
8-4800min.tif,148086,1374.982,107.700318985994,0.979822777626519,0.00928502356738652,598.975271126237,542.268330564672,4800,0.520019064043999,0.994660164829629,61.0551760780183,470.148948173919,401.579912178235,6.75283281336521e-06,148086,3.71571235007778
8-4820min.tif,152789,1395.872,109.457743976525,0.980975326970687,0.00913594565053767,597.955356733796,540.837121782327,4820,0.503413223466208,0.995478326589916,58.284380301897,474.869760026231,410.309216735361,6.54497378737998e-06,152789,3.833718070959
8-4840min.tif,156606,1413.084,110.825683398864,0.98119061263814,0.00902317918853684,595.482906146636,539.395438233529,4840,0.510347289496007,0.99541718840377,59.9751764211488,481.952794478678,414.464172171848,6.38545138755859e-06,156606,3.92949264816581
8-4860min.tif,158383,1423.876,111.233702934806,0.977371732873556,0.00899008100616859,595.727022470846,537.309193537185,4860,0.51426795058472,0.995024344275169,59.9777654573876,485.32891629596,416.232428564328,6.31380893151411e-06,158383,3.97408039343604
8-4880min.tif,162759,1444.594,112.667642257963,0.975834961221778,0.00887566278976892,594.683937600993,537.104983441776,4880,0.530419671426019,0.994628387049463,60.4602899520993,494.944458512034,419.581840356187,6.14405347784147e-06,162759,4.08388116625684
8-4900min.tif,140324,1343.185,104.471089239383,0.972838998226735,0.00957202616801117,596.881859126023,550.19107921667,4900,0.514140316406154,0.993943858505868,61.0854197428737,457.162808012174,392.111324079884,7.12636469883983e-06,140324,3.520951472876
8-4920min.tif,143282,1357.486,105.54952316267,0.9725746624979,0.00947422565290825,598.537604165213,548.688355829762,4920,0.505800935515039,0.992539432941486,60.2697244463212,460.716175522149,397.436913260288,6.97924372914951e-06,143282,3.59517237918402
8-4940min.tif,149632,1392.138,107.483597172119,0.965854839560079,0.00930374518819504,601.088557260479,548.731795337896,4940,0.525143889832854,0.992820839470786,63.1053901175702,474.342535106418,403.67187808817,6.6830624465355e-06,149632,3.75450393937873
8-4960min.tif,149266,1393.736,107.097757394514,0.961289186773587,0.00933726367692576,601.893626143931,547.749447295432,4960,0.534675917369373,0.992836380809216,60.9490040545532,475.754668456628,402.039905792861,6.69944930526711e-06,149266,3.74532041953129
8-4980min.tif,155526,1429.531,108.79512231634,0.952179793263689,0.00919158854468063,605.219468127516,547.630486220953,4980,0.527085006444852,0.989936794668602,61.3801511068884,484.948235105399,412.115103666765,6.42979308925839e-06,155526,3.90239373714056
8-5000min.tif,153601,1421.494,108.05603118972,0.951034619317367,0.0092544579787892,602.790359437764,547.765880430466,5000,0.539982070623708,0.991722784295242,63.0036111321802,484.076898911322,407.436159425129,6.51037428141744e-06,153601,3.8540924373965
8-5020min.tif,157627,1436.814,109.705918789767,0.955305495747541,0.00911527847386552,603.812557493323,547.826761912616,5020,0.55791389717427,0.988852224536398,67.1955709165493,493.136418760839,409.25334150706,6.34409079662748e-06,157627,3.95511115571837
8-5040min.tif,151639,1414.446,107.207344783753,0.948245889839266,0.00932771912238936,603.182967442413,546.667400866532,5040,0.556678425293201,0.989487765089723,64.1258682334974,484.068801986749,402.129542940661,6.59460956614064e-06,151639,3.80486274903397
8-5060min.tif,157824,1449.559,108.877251633083,0.939789704242208,0.00918465505879968,600.315877179643,542.284829937145,5060,0.576171780416137,0.986591152035707,65.8319932953357,498.943730249682,407.800992450285,6.33617193836172e-06,157824,3.96005419782205
8-5080min.tif,156762,1449.113,108.177899170044,0.934039284582272,0.00924403235477986,603.041483267629,541.470190479836,5080,0.586862738179068,0.986253279395019,67.5915305178216,499.706265443529,404.605385698472,6.37909697503221e-06,156762,3.9334069353139
8-5100min.tif,162726,1484.299,109.631549977464,0.924245946315727,0.00912146184383565,603.732206285412,538.675669530376,5100,0.566603776553673,0.980720204911858,68.0891551374012,505.955653992593,416.902595913933,6.14529946044271e-06,162726,4.08305314397551
8-5120min.tif,163950,1500.237,109.282733328134,0.911558534215232,0.00915057639524245,602.009698078683,535.805885940836,5120,0.607498877811877,0.979402382346265,72.2742411649237,517.784647990969,411.286978976781,6.09942055504727e-06,163950,4.11376524313745
8-5140min.tif,169199,1524.188,111.009271822111,0.911469462922781,0.00900825654997961,601.96252932937,535.776931305741,5140,0.600232476970428,0.97874174254081,70.2034276220116,524.372343133604,419.4064184548,5.91020041489607e-06,169199,4.24547096903698
8-5160min.tif,174438,1568.638,111.203477156616,0.887294258206219,0.00899252456460175,601.616190279641,533.919289375022,5160,0.609825358192638,0.971009652316222,69.3668770360236,536.32360853099,425.055673079296,5.73269585755397e-06,174438,4.37692577909369
8-5180min.tif,179493,1594.823,112.547285811654,0.88333019484638,0.00888515429571069,601.40209924621,535.648019699933,5180,0.622716182676883,0.97276688453159,71.3906798916888,547.721061226949,428.563138008294,5.57124790381798e-06,179493,4.50376373764239
8-5200min.tif,184142,1633.982,112.695243888856,0.863375629070832,0.00887348893788489,602.332797514961,531.217359429136,5200,0.617921330618832,0.958938066001135,73.2672877544115,554.832824278761,436.231721501238,5.43059160864985e-06,184142,4.62041451297235
8-5220min.tif,186221,1657.556,112.346732176771,0.848510862116165,0.00890101546012534,602.000193318691,529.890635320399,5220,0.634447568064699,0.955268517141084,73.252862427841,563.6922385384,435.714878781649,5.36996364534612e-06,186221,4.67257991669594
8-5240min.tif,192816,1712.741,112.577441656386,0.822958236711738,0.00888277425109949,603.653166749647,530.975639988383,5240,0.622944842961718,0.948678209272462,75.5414920650603,570.790940700084,446.510210253345,5.18629159405858e-06,192816,4.8380589150399
8-5260min.tif,192377,1726.748,111.410003080936,0.807841649553948,0.00897585470196541,601.789283542211,529.192315089642,5260,0.650555012187749,0.937578283012891,76.9933629900127,580.025478544973,440.505647596036,5.1981265951751e-06,192377,4.82704370953982
8-5280min.tif,197087,1751.678,112.513258715358,0.804271896499719,0.00888784141013867,598.421062779382,530.76553501753,5280,0.640359950341693,0.936524982774597,76.6282429133483,583.845485092721,448.437093739418,5.0739013735051e-06,197087,4.94522507151102
8-5300min.tif,201972,1795.734,112.473228217542,0.784329900243228,0.00889100469371992,598.896401481393,530.721496048957,5300,0.632091034684432,0.933534240496968,75.7131656727145,589.42797990719,456.744285933482,4.95118135187056e-06,201972,5.06779746073167
8-5320min.tif,206950,1853.238,111.669413210823,0.754643305413582,0.00895500362406378,598.432075380527,529.358719497463,5320,0.618880627212001,0.927523630675732,76.1883553870583,593.071651805953,465.848918144275,4.83208504469679e-06,206950,5.19270336729061
8-5340min.tif,213032,1915.794,111.197759258041,0.726999165132232,0.00899298696909384,600.330518419768,529.601430770964,5340,0.638868663352561,0.917667836912275,76.853580541132,609.406557211966,468.826105308107,4.69413045927372e-06,213032,5.34531038289758
8-5360min.tif,219705,1930.337,113.816913834217,0.738534977702396,0.00878604037231743,597.957133428916,529.492091668374,5360,0.628924767875007,0.918629738340734,78.8191366371681,615.882837330749,478.828067087633,4.551557770647e-06,219705,5.51274652481558
8-5380min.tif,227040,1997.608,113.655932495264,0.712732836653488,0.00879848484848485,596.801986434108,532.423903276956,5380,0.630647219099321,0.915650017140207,80.5964676294786,627.076353020493,486.654919101794,4.40451021846371e-06,227040,5.69679329552868
8-5400min.tif,234184,2050.893,114.18635686991,0.697511828647304,0.0087576136713012,598.316520342978,527.862582413828,5400,0.607046578644658,0.91041056801527,79.2283278489075,630.920312151365,501.371079485386,4.27014655142964e-06,234184,5.8760475736438
8-5420min.tif,237410,2078.789,114.205915078442,0.688297794898269,0.00875611389579209,595.574226022493,529.347710711427,5420,0.627327804372134,0.911758267501834,79.4507443328951,642.574466181989,500.408274725166,4.21212248852197e-06,237410,5.95699302453957
8-5440min.tif,236420,2124.953,111.258931374012,0.656012659934611,0.00898804246679638,592.317130530412,525.556809914559,5440,0.615988113791052,0.903666726549271,80.7500863854618,641.144683633614,505.065216599224,4.22976059555029e-06,236420,5.93215235609976
8-5460min.tif,236925,2151.512,110.12023172541,0.641306789246964,0.00908098343357603,591.350575076501,529.86085048011,5460,0.622066212176861,0.89809634279476,81.6004936237183,645.576542203304,505.463605031874,4.2207449614857e-06,236925,5.94482360616249
8-5480min.tif,247708,2195.913,112.804104716353,0.643691648841586,0.00886492563825149,591.597203158558,526.540091559417,5480,0.628095277445476,0.89866818556155,81.5809354370053,660.527059686317,513.980176103951,4.03701131977974e-06,247708,6.21538615948211
8-5500min.tif,252909,2227.296,113.549793112366,0.63884278738675,0.00880670913253384,589.279657900668,525.998434219423,5500,0.618754097455277,0.898663246016743,81.8323518921827,664.825136964798,522.27647524288,3.95399135657489e-06,252909,6.34588748933608
8-5520min.tif,255799,2307.171,110.871279155295,0.602236697383926,0.00901946841074437,585.985101583665,527.812458219149,5520,0.608634483577458,0.893271453614656,83.9474666906393,668.959705397112,530.78656846925,3.90931942658103e-06,255799,6.41840216791288
8-5540min.tif,262654,2313.68,113.522181114069,0.614905954897502,0.00880885118825527,586.866588744127,526.278008330351,5540,0.615422861838284,0.899737259482809,82.3595532746889,677.011639703913,533.618625115198,3.80729019927357e-06,262654,6.59040497817032
8-5560min.tif,268829,2889.302,93.0428871748263,0.403790580877462,0.0107477318295273,583.039058286122,525.989491461115,5560,0.620933984182358,0.882821967022538,85.878126416494,688.958799334029,540.049216626012,3.71983677356238e-06,268829,6.74534551111557
8-5580min.tif,272202,2415.768,112.677210725533,0.584604161118599,0.00887490907487822,579.764604962491,521.637423678004,5580,0.621433080910622,0.889924183724511,85.0575358321733,692.851225567528,542.826241757821,3.67374229432554e-06,272202,6.82997942490089
